Date              ,Ashokan East Storage,Ashokan East Elevation,Ashokan West Storage,Ashokan West Elevation,Ashokan Release,Schoharie Storage,Schoharie Elevation,Schoharie Release,Rondout Storage,Rondout Elevation,Rondout Release,Neversink Storage,Neversink Elevation,Neversink North Flow Release,Neversink South Flow Release,Neversink Conservation Flow Release,Pepacton Storage,Pepacton Elevation,Pepacton North Flow Release,PepactonSouth Flow Release,Pepacton Conservation Flow Release,Cannonsville Storage,Cannonsville Elevation,Cannonsville Release
12/30/2018,74.76,584.81,43.18,588.03,597,16.93,"1,126.30",1,47.79,837.46,10.05,35.31,35.31,62.27,61.1,0,143.45,"1,440.28",226.83,226.64,0,90.07,"1,147.11",969.2
12/29/2018,74.99,584.95,43.45,588.31,600,16.96,"1,126.30",1.8,47.72,837.36,9.99,35.33,35.33,62.28,61.11,0,143.53,"1,440.32",226.78,226.59,0,90.28,"1,147.25",969.9
12/28/2018,75.21,585.09,43.7,588.56,600,17,"1,126.30",1.1,47.7,837.33,9.93,35.38,35.38,62.33,61.13,0,143.53,"1,440.42",226.67,226.53,0,90.4,"1,147.32",970.1
12/27/2018,75.4,585.2,43.76,588.64,604,16.95,"1,126.30",1,47.69,837.32,9.94,35.3,35.3,62.27,61.12,0,143.43,"1,440.24",226.61,226.7,0,90.4,"1,147.32",969.8
12/26/2018,75.6,585.32,44,588.87,604,16.97,"1,126.30",0.9,48,837.78,9.91,35.3,35.3,62.23,60.74,0,143.42,"1,440.25",226.75,226.45,0,90.55,"1,147.43",969.8
12/25/2018,75.57,585.3,44.28,589.15,599,17.04,"1,126.91",1.9,48.05,837.85,9.93,35.31,35.31,62.38,60.75,0,143.34,"1,440.26",226.79,226.39,0,90.64,"1,147.49",969.6
12/24/2018,74.94,584.93,44.93,589.83,531,17.12,"1,126.91",1.6,48.19,838.07,9.92,35.35,35.35,62.38,60.76,0,143.06,"1,440.35",226.73,226.18,0,90.58,"1,147.45",969.6
12/23/2018,74.12,584.41,45.52,590.39,400,17.22,"1,125.89",8.7,48.23,838.12,9.96,35.41,35.41,62.28,60.78,0,142.47,"1,440.47",226.64,226.61,0,90.31,"1,147.27",969
12/22/2018,73.17,583.82,45.51,590.4,244,17.55,"1,125.89",53.3,48.19,838.06,10.03,35.52,35.52,78.25,60.83,0,141.55,"1,440.69",226.78,226.68,0,89.83,"1,146.95",967.3
12/21/2018,72.73,583.54,43.3,588.17,410,18.18,"1,125.89",95.6,47.81,837.49,10.08,35.87,35.87,78.15,61.31,13.78,140.05,"1,441.39",226.75,226.55,0,88.97,"1,146.37",965.5
12/20/2018,72.44,583.35,38.44,583.06,410,16.88,"1,125.67",0.6,46.93,836.17,10.16,35.38,35.38,61.26,62.06,13.77,137.82,"1,440.42",226.76,225.9,0,87.92,"1,145.68",963.8
12/19/2018,72.14,583.17,38.17,582.77,408,16.81,"1,125.92",0,47.07,836.39,10.23,35.16,35.16,61.37,62.09,0,137.7,"1,439.99",226.83,226.13,0,88.25,"1,145.89",964.2
12/18/2018,72.19,583.19,38.26,582.86,409,16.81,"1,125.92",0,47.08,836.4,10.23,35.18,35.18,61.34,62.14,0,138.29,"1,440.02",226.64,226.23,0,88.76,"1,146.23",965.9
12/17/2018,72.14,583.18,38.38,582.97,410,16.87,"1,125.92",0,47.12,836.46,10.23,35.21,35.21,61.07,62.29,0,138.93,"1,440.09",226.64,226.19,0,89.25,"1,146.55",966.8
12/16/2018,72.13,583.16,38.41,583.02,410,16.87,"1,125.84",0.7,47.17,836.55,10.24,35.28,35.28,61.07,62.03,0,139.42,"1,440.22",226.9,225.9,0,89.68,"1,146.85",966.4
12/15/2018,72.08,583.13,38.38,582.99,408,16.84,"1,125.84",1.1,47.15,836.51,10.23,35.22,35.22,61.22,62.04,0,139.77,"1,440.11",226.78,225.82,0,89.99,"1,147.06",966.7
12/14/2018,72.05,583.11,38.46,583.07,408,16.84,"1,125.84",1.1,47.23,836.63,10.07,35.2,35.2,61.18,62.01,0,140.27,"1,440.07",226.79,225.93,0,90.41,"1,147.34",966.9
12/13/2018,72.05,583.11,38.53,583.15,408,16.83,"1,125.84",1,47.31,836.75,10.11,35.22,35.22,61.14,61.97,0,140.79,"1,440.1",226.72,226.08,0,90.89,"1,147.65",963.8
12/12/2018,72.03,583.1,38.6,583.23,408,16.83,"1,125.84",1,47.41,836.9,10.07,35.22,35.22,61.27,61.98,0,141.36,"1,440.1",226.93,226.11,0,91.35,"1,147.97",963.4
12/11/2018,72.05,583.11,38.68,583.31,406,16.86,"1,125.84",1,47.58,837.15,10.03,35.23,35.23,61.99,99.99,20,141.83,"1,440.12",226.64,225.9,0,91.74,"1,148.23",964.1
12/10/2018,71.99,583.07,38.78,583.43,405,16.89,"1,125.98",6.3,47.78,837.45,10.04,35.24,35.24,62.18,61.08,0,142.21,"1,440.15",226.79,226.1,0,92.16,"1,148.51",965.6
12/09/2018,71.97,583.06,39.01,583.66,405,16.89,"1,126.44",21.3,47.61,837.19,10.03,35.26,35.26,62.42,61.09,0,142.53,"1,440.17",226.64,226.3,0,92.44,"1,148.70",967.1
12/08/2018,72.11,583.15,39.21,583.89,404,16.92,"1,126.44",1.9,47.41,836.9,10.03,35.27,35.27,62.49,61.09,0,142.86,"1,440.19",226.75,226.64,0,92.72,"1,148.89",967.5
12/07/2018,72.24,583.24,39.43,584.13,405,16.95,"1,126.44",1.1,47.25,836.65,10.05,35.28,35.28,62.46,61.08,0,143.01,"1,440.21",226.92,226.74,0,92.87,"1,148.99",967.5
12/06/2018,72.35,583.3,39.6,584.31,405,17,"1,126.44",1.1,47.02,836.31,10.02,35.3,35.3,62.39,61.08,0,143.21,"1,440.25",226.77,226.65,0,92.89,"1,149.00",968
12/05/2018,72.46,583.37,39.69,584.42,403,17.04,"1,126.44",1.1,46.94,836.19,10.02,35.31,35.31,62.29,61.1,0,143.43,"1,440.28",226.77,226.62,0,92.77,"1,148.92",967.9
12/04/2018,72.37,583.31,39.7,584.43,404,17.11,"1,126.44",1.1,47.05,836.35,10.02,35.34,35.34,62.23,61.09,0,143.67,"1,440.33",226.83,226.71,0,92.49,"1,148.74",968.5
12/03/2018,71.97,583.06,39.64,584.35,405,17.21,"1,126.44",1.2,47.28,836.7,10.02,35.38,35.38,62.3,61.11,0,143.71,"1,440.42",226.82,226.66,0,91.99,"1,148.40",973.4
12/02/2018,71.56,582.8,39.54,584.23,405,17.21,"1,126.44",1.3,47.37,836.84,10.02,35.41,35.41,62.15,61.12,0,143.49,"1,440.48",226.85,226.69,0,91.26,"1,147.91",971.9
12/01/2018,71.02,582.47,39.42,584.13,403,17.01,"1,126.44",1.2,47.48,837,10.03,35.31,35.31,62.12,61.11,0,143.29,"1,440.28",226.67,226.5,0,90.61,"1,147.48",972
11/30/2018,70.43,581.72,39.56,584.49,404,17.03,"1,126.44",1.3,47.69,837.32,10.05,35.3,35.3,61.9,61,0,143.36,"1,280.29",225.8,226.2,0,90.55,"1,147.43",971.8
11/29/2018,69.83,581.32,39.75,584.6,405,17.08,"1,127.73",1.3,47.91,837.65,10.09,35.32,35.32,61.8,61,0,143.47,"1,280.35",226,226.3,0,90.47,"1,147.38",971.8
11/28/2018,69.17,580.85,39.85,584.44,405,17.17,"1,127.73",1.6,48.1,837.93,10.1,35.37,35.37,61.8,61,0,143.66,"1,280.45",226,226.3,0,90.25,"1,147.23",970.6
11/27/2018,68.44,580.38,39.69,583.49,405,17.33,"1,127.73",4.9,48.14,837.99,10.1,35.45,35.45,61.9,61,0,143.86,"1,280.53",225.8,226.3,0,89.8,"1,146.94",969.8
11/26/2018,67.69,579.84,38.84,581.87,403,17.54,"1,126.56",39.7,47.98,837.75,10.11,35.58,35.58,61.9,61,0,143.47,"1,280.35",226,225.9,0,89.01,"1,146.41",968.3
11/25/2018,66.82,579.71,37.35,581.65,404,17.14,"1,125.74",68.5,47.72,837.36,10.09,35.39,35.39,61.9,60.9,0,142.6,"1,279.87",226,226.1,0,88.47,"1,146.04",967.1
11/24/2018,66.62,579.62,37.15,581.65,404,16.91,"1,125.74",75.6,47.95,837.71,10.09,35.34,35.34,61.9,60.9,0,142.31,"1,279.72",226.1,226.0,0,88.41,"1,146.00",966.6
11/23/2018,66.49,579.63,37.15,581.99,401,16.82,"1,125.74",63.9,47.99,837.76,10.1,35.23,35.23,61.9,60.9,0,142.18,"1,279.65",226,226.3,0,88.61,"1,146.13",966.9
11/22/2018,66.5,579.6,37.46,582.33,403,16.83,"1,126.12",56.9,48.02,837.81,10.07,35.23,35.23,61.9,60.9,0,142.38,"1,279.76",226,226.3,0,89.1,"1,146.46",967.6
11/21/2018,66.46,579.56,37.77,582.62,405,16.91,"1,126.12",52.3,48.09,837.91,10.04,35.26,35.26,61.9,60.9,0,142.58,"1,279.87",226,226.2,0,89.53,"1,146.75",968.8
11/20/2018,66.4,579.52,38.03,582.83,405,16.94,"1,126.10",34.6,48.14,837.94,9.91,35.3,35.3,61.9,60.9,0,142.71,"1,279.94",225.7,225.9,0,89.83,"1,146.95",969.2
11/19/2018,66.33,579.47,38.24,583,403,16.97,"1,126.44",31.1,47.95,837.7,9.9,35.3,35.3,61.9,60.9,0,142.86,"1,280.02",225.8,225.9,0,90.07,"1,147.11",969.6
11/18/2018,66.26,579.44,38.39,583.27,406,16.96,"1,126.44",19.3,47.74,837.39,9.88,35.3,35.3,62.1,60.9,0,142.94,"1,280.06",225.9,226.1,0,90.23,"1,147.22",969.7
11/17/2018,66.21,579.41,38.64,583.51,406,17,"1,126.44",5.6,47.62,837.21,9.88,35.29,35.29,61.9,60.9,0,143.06,"1,280.13",226,226.1,0,90.44,"1,147.36",970
11/16/2018,66.17,579.34,38.85,583.72,405,17.03,"1,126.44",0,47.48,837,9.91,35.31,35.31,61.9,60.9,0,143.19,"1,280.2",225.9,226.0,0,90.53,"1,147.42",970.3
11/15/2018,66.06,578.98,39.03,583.77,405,17.05,"1,126.44",0,47.53,837.07,10,35.36,35.36,61.9,60.9,0,143.34,"1,280.28",226,226.1,0,90.55,"1,147.43",970
11/14/2018,65.51,578.72,39.09,583.85,407,17.08,"1,127.20",0,47.51,837.05,10.09,35.33,35.33,61.9,60.9,0,143.34,"1,280.28",225.9,226.3,0,90.4,"1,147.33",969.6
11/13/2018,65.1,578.41,39.18,583.6,407,17.21,"1,127.20",0,47.53,837.09,10.13,35.38,35.38,61.9,60.9,0,143.47,"1,280.35",225.8,226.1,0,90.28,"1,147.24",970.3
11/12/2018,64.63,578.02,38.95,583.65,402,17.05,"1,127.20",0,47.41,836.89,10.18,35.34,35.34,61.9,60.9,0,143.53,"1,280.38",225.8,226.2,0,89.85,"1,146.96",975.1
11/11/2018,64.03,577.69,38.98,583.69,406,17.09,"1,127.20",0,47.57,837.14,10.22,35.33,35.33,61.8,60.9,0,143.58,"1,280.41",225.9,226.2,0,89.64,"1,146.82",974.9
11/10/2018,63.53,577.34,39.01,583.5,406,17.2,"1,127.20",0,47.79,837.46,10.21,35.38,35.38,61.7,60.9,0,143.71,"1,280.49",225.8,226.3,0,89.38,"1,146.65",973.7
11/09/2018,63,576.91,38.84,583.09,405,17.27,"1,127.20",0,47.93,837.67,10.23,35.42,35.42,61.9,60.9,0,143.75,"1,280.5",225.8,226.1,0,88.73,"1,146.21",971.9
11/08/2018,62.33,576.55,38.47,583.04,406,17.11,"1,127.20",0,47.97,837.73,10.21,35.35,35.35,62.3,60.9,0,143.4,"1,280.3",225.8,226.2,0,88.3,"1,145.93",970.4
11/07/2018,61.8,576.25,38.42,582.59,421,17.2,"1,127.20",0.9,48.11,837.94,10.04,35.42,35.42,62,60.9,0,143.25,"1,280.23",225.9,226.3,0,88.13,"1,145.81",969.9
11/06/2018,61.33,576.1,38.02,581.12,431,17.34,"1,126.11",4,47.97,837.75,9.9,35.51,35.51,62.2,60.9,0,142.99,"1,280.09",225.9,226.3,0,87.76,"1,145.56",968.4
11/05/2018,61.1,576.06,36.67,580.3,431,17.23,"1,126.11",1.1,47.65,837.25,9.96,35.4,35.4,64.2,63.1,0,142.21,"1,279.67",234.2,234.6,0,87.07,"1,145.10","1,009.6"
11/04/2018,61.05,576.03,35.92,579.41,413,17.27,"1,126.11",5.1,47.69,837.32,10.04,35.4,35.4,61.9,61,0,141.6,"1,279.34",225.9,226.2,0,86.5,"1,144.71",971.7
11/03/2018,61,575.99,35.12,577.73,415,17.58,"1,126.11",17.8,47.81,837.5,10.11,35.47,35.47,61.9,61,0,140.7,"1,278.85",225.8,226.3,0,85.98,"1,144.34",970.1
11/02/2018,60.93,575.82,33.67,576.73,494,17.7,"1,126.11",7.8,47.84,837.53,10.16,35.59,35.59,62,60.9,0,138.84,"1,277.85",226.6,225.7,0,85.04,"1,143.68",968.3
11/01/2018,60.67,575.77,32.81,576.77,494,16.95,"1,126.11",0,47.87,837.59,10.21,35.27,35.27,62.1,60.9,0,137.52,"1,277.1",226.4,225.3,0,84.64,"1,143.41",968.5
10/31/2018,60.6,575.79,32.84,576.78,494,16.96,"1,126.20",0,47.95,837.72,14.81,35.25,35.25,62.1,60.9,0,137.57,"1,277.14",226.4,225.5,0,84.99,"1,143.64",969.4
10/30/2018,60.63,575.79,32.86,576.79,494,17,"1,126.42",0,47.93,837.67,14.79,35.28,35.28,62.2,60.9,0,137.84,"1,277.28",226.5,225.6,0,85.37,"1,143.91",968.7
10/29/2018,60.63,575.8,32.85,576.73,494,17.06,"1,125.55",0,47.83,837.53,14.8,35.29,35.29,61.8,60.9,0,138.04,"1,277.38",226.6,225.5,0,85.73,"1,144.16",968.9
10/28/2018,60.65,575.8,32.81,576.6,495,17.14,"1,125.55",0,47.75,837.4,14.78,35.29,35.29,62,60.9,0,138.22,"1,277.49",226.5,225.5,0,85.91,"1,144.29",968.7
10/27/2018,60.65,576.01,32.7,576.54,495,17.22,"1,125.55",0,47.78,837.45,14.8,35.21,35.21,61.9,60.9,0,138.36,"1,277.57",226.4,225.4,0,85.9,"1,144.28",964.1
10/26/2018,60.97,576.28,32.64,576.88,494,16.75,"1,125.55",0,47.71,837.36,14.8,35.05,35.05,61.9,61,0,138.4,"1,277.59",226.4,225.4,0,86,"1,144.35",963.8
10/25/2018,61.39,576.56,32.94,577.24,499,16.78,"1,125.65",0,47.66,837.27,14.79,35.13,35.13,62,61.1,0,139.04,"1,277.94",226.4,225.3,0,86.5,"1,144.69",964.5
10/24/2018,61.8,576.85,33.25,577.58,499,16.77,"1,125.71",0,47.46,836.97,14.78,35.14,35.14,61.9,61,0,139.61,"1,278.26",226.7,225.5,0,87.19,"1,145.18",965.9
10/23/2018,62.25,577.18,33.55,577.89,496,16.78,"1,125.71",0,47.27,836.69,14.76,35.21,35.21,62,60.9,0,140.26,"1,278.61",226.4,225.6,0,87.8,"1,145.59",966.5
10/22/2018,62.75,577.55,33.81,578.28,501,16.78,"1,125.71",0,47.31,836.74,14.77,35.22,35.22,62,60.9,0,140.77,"1,278.89",226.5,225.8,0,88.25,"1,145.89",967
10/21/2018,63.32,577.91,34.14,578.6,501,16.79,"1,125.71",0,47.33,836.77,14.77,35.21,35.21,62,60.9,0,141.33,"1,279.19",226.5,226.0,0,88.65,"1,146.16",967.2
10/20/2018,63.87,578.22,34.44,578.85,501,16.7,"1,125.71",0,47.39,836.87,14.75,35.24,35.24,62,60.9,0,141.73,"1,279.42",226.4,225.6,0,89,"1,146.39",968
10/19/2018,64.36,578.57,34.65,579.12,513,16.81,"1,125.71",0,47.41,836.89,14.76,35.26,35.26,62,60.9,0,142.16,"1,279.64",226.4,224.0,0,89.23,"1,146.55",968.5
10/18/2018,64.88,578.92,34.86,579.39,590,16.83,"1,125.78",0,47.45,836.95,14.78,35.25,35.25,62,60.9,0,142.58,"1,279.87",226.5,224.4,0,89.55,"1,146.76",975.1
10/17/2018,65.41,579.26,35.1,579.71,590,16.76,"1,125.60",0,47.65,837.25,14.78,35.26,35.26,62.1,60.9,0,142.79,"1,279.98",226.5,224.3,0,89.77,"1,146.91",974.3
10/16/2018,65.93,579.62,35.38,580.06,597,16.83,"1,125.81",0,47.69,837.31,14.78,35.29,35.29,62,60.9,0,142.95,"1,280.07",226.6,224.3,0,89.94,"1,147.01",974
10/15/2018,66.48,579.95,35.68,580.34,597,16.86,"1,125.87",0,47.7,837.33,14.79,35.3,35.3,62.2,60.9,0,143.19,"1,280.2",216.8,214.7,0,89.94,"1,147.02",965.9
10/14/2018,67,580.27,35.96,580.65,596,16.85,"1,125.87",0,47.83,837.53,14.81,35.3,35.3,62.1,61,0,143.12,"1,280.17",227.8,224.2,0,90.01,"1,147.07",966.9
10/13/2018,67.5,580.55,36.23,580.9,599,16.88,"1,125.87",0,47.99,837.76,14.8,35.32,35.32,62,61,0,143.21,"1,280.21",227.9,224.1,0,90.1,"1,147.13",967.8
10/12/2018,67.97,580.85,36.47,581.11,603,16.91,"1,125.87",0,48.09,837.92,14.81,35.37,35.37,62,61,0,143.19,"1,280.2",227.9,224.0,0,90.05,"1,147.10",967.2
10/11/2018,68.42,580.99,36.67,580.98,603,16.94,"1,125.87",0,48.1,837.92,14.79,35.44,35.44,62.1,61,0,143.21,"1,280.2",227.8,223.9,0,89.98,"1,147.05",968.4
10/10/2018,68.66,581.29,36.53,581.3,598,16.86,"1,125.87",0,47.65,837.25,14.81,35.25,35.25,62.2,61,0,142.82,"1,280",227.8,224.0,0,89.59,"1,146.79",967.7
10/09/2018,69.13,581.56,36.83,581.62,593,16.86,"1,125.87",0,47.85,837.55,14.81,35.27,35.27,62.3,60.9,0,142.81,"1,279.99",227.9,224.1,0,89.92,"1,147.00",967.1
10/08/2018,69.57,581.73,37.12,582.02,593,16.88,"1,126.35",0.5,47.92,837.66,14.81,35.28,35.28,62.3,60.9,0,143.05,"1,280.12",227.9,224.2,0,90.25,"1,147.23",968.5
10/07/2018,69.83,581.86,37.5,582.25,596,16.85,"1,126.35",161.7,47.95,837.7,14.82,35.29,35.29,62.2,60.9,0,143.14,"1,280.17",227.8,224.3,0,90.49,"1,147.39",967.8
10/06/2018,70.05,581.99,37.7,582.27,596,16.76,"1,126.35",327.7,47.97,837.73,14.81,35.3,35.3,62.2,60.9,0,143.25,"1,280.23",227.8,224.3,0,90.59,"1,147.46",969.5
10/05/2018,70.25,582.13,37.72,582.47,596,16.87,"1,126.35",122.7,47.95,837.71,14.81,35.32,35.32,62.1,60.9,0,143.27,"1,280.24",227.9,224.2,0,90.58,"1,147.45",971.7
10/04/2018,70.48,582.1,37.91,582.73,597,17.04,"1,126.54",0,48.09,837.92,14.8,35.37,35.37,62.2,60.9,0,142.9,"1,280.04",227.9,224.3,0,90.43,"1,147.35",972.4
10/03/2018,70.43,581.96,38.14,582.9,602,17.11,"1,127.16",0,48.11,837.95,14.81,35.4,35.4,62.2,60.9,0,142.25,"1,279.69",227.9,224.2,0,90.01,"1,147.07",971.7
10/02/2018,70.21,581.8,38.3,582.84,602,17.21,"1,127.16",1.2,47.51,837.04,14.78,35.51,35.51,59.8,58.4,0,141.4,"1,279.23",227.9,224.3,0,89.43,"1,146.68",969.7
10/01/2018,69.94,581.68,38.25,583.22,600,17.02,"1,127.16",0,47.85,837.56,14.79,35.33,35.33,62.1,61,0,140,"1,278.48",227.8,224.2,0,88.4,"1,145.99",971
09/30/2018,69.76,581.46,38.6,583.61,603,17.04,"1,127.16",0.4,48.04,837.84,14.79,35.37,35.37,62.1,61,0,139.26,"1,278.07",228,224.3,0,88.25,"1,145.89",969.9
09/29/2018,69.41,581.18,38.95,583.8,605,17.13,"1,127.16",2.1,48.33,838.28,14.82,35.41,35.41,61.8,61,0,138.54,"1,277.67",227.9,224.3,0,87.97,"1,145.71",967.7
09/28/2018,68.95,580.92,39.12,583.4,605,17.29,"1,127.16",9.4,48.51,838.55,14.8,35.5,35.5,61.8,61,0,137.45,"1,277.06",227.9,224.3,0,87.36,"1,145.29",965.6
09/27/2018,68.54,580.63,38.76,582.94,600,17.24,"1,127.16",11.1,48.37,838.34,14.78,35.54,35.54,61.8,61.1,0,135.59,"1,276.03",227.9,224.2,0,86.07,"1,144.40",964.5
09/26/2018,68.08,580.53,38.34,582.01,598,17.33,"1,127.02",20,48.38,838.34,14.77,35.64,35.64,61.9,61.3,0,133.7,"1,274.96",227.9,224.3,0,85.33,"1,143.88",963.8
09/25/2018,67.91,580.35,37.48,580.44,598,17.27,"1,125.74",6.3,48.37,838.36,14.78,35.68,35.68,62.1,61.4,0,131.38,"1,273.67",227.8,224.3,0,84.33,"1,143.18",892.7
09/24/2018,67.63,580.49,36.04,580.7,591,16.81,"1,126.25",0.1,48.01,837.8,14.81,35.31,35.31,62,61.3,0,129.7,"1,272.7",227.9,224.3,0,83.12,"1,142.32",564.6
09/23/2018,67.86,580.74,36.28,581.03,593,16.83,"1,126.25",1.1,48.24,838.14,14.8,35.31,35.31,62,61.3,0,129.68,"1,272.7",227.9,224.3,0,83.03,"1,142.27",448.2
09/22/2018,68.25,580.99,36.58,581.22,599,16.87,"1,126.25",1.1,48.21,838.09,14.77,35.36,35.36,61.8,61.1,0,129.96,"1,272.86",227.9,224.3,0,82.92,"1,142.19",448.1
09/21/2018,68.66,581.25,36.75,581.35,599,16.87,"1,126.25",1.1,48.13,837.97,14.76,35.37,35.37,61.8,61.1,0,129.99,"1,272.88",227.8,224.1,0,82.61,"1,141.97",484.6
09/20/2018,69.07,581.34,36.88,581.62,597,16.9,"1,126.25",1.1,48,837.78,14.76,35.31,35.31,61.9,61.2,0,130.03,"1,272.9",227.9,224.2,0,82.38,"1,141.81",597.8
09/19/2018,69.21,581.23,37.12,581.9,602,17.02,"1,126.90",1.2,47.97,837.74,14.75,35.37,35.37,62.1,61.2,0,130.39,"1,273.11",227.7,224.2,0,82.52,"1,141.91",740.8
09/18/2018,69.04,580.99,37.38,581.08,621,17.21,"1,125.44",15.9,47.99,837.77,14.74,35.47,35.47,62.1,61.4,0,130.5,"1,273.17",227.9,224.0,0,82.61,"1,141.97",888.2
09/17/2018,68.65,581.16,36.64,581.2,621,16.7,"1,125.12",80.3,47.79,837.47,14.73,34.6,34.6,61.8,61.5,0,129.78,"1,272.76",227.8,223.9,0,82.45,"1,141.86",912.8
09/16/2018,68.93,581.42,36.74,581.55,619,16.62,"1,125.54",102.2,47.87,837.59,14.73,34.37,34.37,61.7,61.5,0,129.92,"1,272.84",227.9,224.1,0,82.94,"1,142.20",968.8
09/15/2018,69.34,581.62,37.06,581.94,619,16.65,"1,125.54",95.7,48,837.78,14.75,34.34,34.34,61.8,61.4,0,130.5,"1,273.17",227.8,223.3,0,83.65,"1,142.70",964.9
09/14/2018,69.67,581.8,37.42,582.32,618,16.69,"1,125.54",93.3,48.11,837.95,14.75,34.29,34.29,61.7,61.4,0,131.02,"1,273.46",222.8,207.7,0,84.3,"1,143.16",883.4
09/13/2018,69.95,581.94,37.77,582.66,614,16.72,"1,125.54",92.3,48.15,838,14.75,34.18,34.18,61.7,61.3,0,131.48,"1,273.72",187.9,183.6,0,84.86,"1,143.55",737.1
09/12/2018,70.17,582.09,38.08,582.82,612,16.75,"1,125.80",91.9,48.02,837.81,14.75,33.99,33.99,61.9,61.5,0,131.82,"1,273.91",187.7,183.5,0,85.13,"1,143.74",736.3
09/11/2018,70.41,582.19,38.23,583.15,613,16.79,"1,125.80",98.3,47.97,837.77,14.73,33.85,33.85,61.9,61.4,0,132.29,"1,274.17",187.8,183.6,0,85.48,"1,143.98",745.6
09/10/2018,70.58,582.21,38.53,583.18,616,16.85,"1,126.00",114.9,47.87,837.58,14.72,33.7,33.7,61.9,61.5,0,132.7,"1,274.4",187.8,183.6,0,85.64,"1,144.10",737.2
09/09/2018,70.6,582.37,38.56,583.88,618,16.9,"1,126.38",124.4,47.61,837.19,14.73,33.3,33.3,61.7,61.4,0,132.75,"1,274.43",187.9,183.4,0,85.67,"1,144.12",735.5
09/08/2018,70.85,582.56,39.2,584.67,618,16.97,"1,126.38",121.2,47.75,837.41,14.74,33.34,33.34,61.8,61.3,0,133.47,"1,274.83",187.9,183.4,0,86.21,"1,144.50",741.8
09/07/2018,71.16,582.7,39.92,585.47,618,17.02,"1,126.38",118.5,47.85,837.56,14.74,33.45,33.45,61.7,61.2,0,134.2,"1,275.24",187.7,183.6,0,86.78,"1,144.90",733.6
09/06/2018,71.38,582.86,40.68,586.17,614,17.07,"1,126.55",122.2,47.76,837.42,14.73,33.73,33.73,61.9,61.2,0,134.84,"1,275.6",187.8,183.7,0,87.3,"1,145.25",739
09/05/2018,71.65,583.24,41.36,586.57,612,17.08,"1,126.55",125.2,47.75,837.41,14.73,33.99,33.99,61.9,61,0,135.27,"1,275.84",188,183.8,0,87.79,"1,145.58",748.3
09/04/2018,72.25,583.61,41.76,586.96,611,17.1,"1,126.63",127.8,47.68,837.3,14.73,34.29,34.29,61.7,61.1,0,135.97,"1,276.23",187.7,184.1,0,88.32,"1,145.94",743.8
09/03/2018,72.84,583.95,42.14,587.11,611,17.16,"1,129.93",312.1,47.63,837.22,14.74,34.59,34.59,61.7,61.1,0,136.68,"1,276.63",187.9,195.6,0,88.88,"1,146.30",750.8
09/02/2018,73.4,584.32,42.28,587.06,611,17.33,"1,129.93",566.6,47.55,837.11,14.73,34.88,34.88,61.8,61.2,0,137.4,"1,277.03",199.5,223.9,0,89.41,"1,146.67",812.9
09/01/2018,73.99,584.69,42.23,587.01,612,17.75,"1,129.93",569.6,47.59,837.17,14.75,35.06,35.06,62.1,61.3,0,138.04,"1,277.39",227.9,223.6,0,89.97,"1,147.04",871.5
08/31/2018,74.57,585.05,42.18,587.31,612,18.17,"1,129.93",271.3,47.77,837.43,14.74,35.11,35.11,62,61.4,0,138.75,"1,277.79",227.7,223.6,0,90.55,"1,147.43",924
08/30/2018,75.17,585.43,42.48,587.76,609,18.37,"1,130.13",34.8,47.93,837.67,14.75,35.13,35.13,61.8,61.5,0,139.42,"1,278.16",227.8,223.6,0,91.19,"1,147.86",955.2
08/29/2018,75.79,585.8,42.92,588.14,608,18.39,"1,130.12",56.9,48.03,837.81,14.74,35.16,35.16,61.8,61.4,0,140.09,"1,278.52",227.7,223.6,0,91.78,"1,148.26",963.3
08/28/2018,76.39,586.14,43.29,588.51,607,18.39,"1,130.22",37.4,47.89,837.62,14.74,35.2,35.2,61.8,61.3,0,140.68,"1,278.84",227.7,223.6,0,92.56,"1,148.78",966.7
08/27/2018,76.98,586.46,43.65,588.86,598,18.42,"1,130.22",5.8,47.83,837.53,14.74,35.22,35.22,61.7,60.7,0,141.31,"1,279.18",227.8,223.6,0,93.28,"1,149.26",968.9
08/26/2018,77.51,586.76,43.99,589.17,599,18.43,"1,130.52",0,47.88,837.6,14.75,35.23,35.23,62.2,60.8,0,141.88,"1,279.49",227.9,223.6,0,93.83,"1,149.62",969.3
08/25/2018,78,587.07,44.29,589.43,600,18.43,"1,130.52",0,47.95,837.71,14.75,35.24,35.24,62.2,60.8,0,142.34,"1,279.74",227.8,223.6,0,94.29,"1,149.94",973.9
08/24/2018,78.51,587.34,44.55,589.68,600,18.44,"1,130.52",0,47.98,837.75,14.75,35.27,35.27,62.1,60.8,0,142.82,"1,280",227.9,223.6,0,94.76,"1,150.24",963.8
08/23/2018,78.96,587.45,44.79,590.14,546,18.46,"1,130.52",0,48.01,837.8,14.74,35.29,35.29,62.2,60.8,0,143.23,"1,280.22",228,223.4,0,95.23,"1,150.54",964.6
08/22/2018,79.14,587.69,45.25,590.34,290,18.5,"1,130.52",0,48.2,838.08,14.75,35.32,35.32,61.8,60.8,0,143.53,"1,280.38",227.8,223.3,0,95.71,"1,150.84",965.6
08/21/2018,79.55,587.82,45.45,590.47,74,18.5,"1,130.52",0,48.33,838.28,14.78,35.3,35.3,61.8,60.8,0,143.88,"1,280.57",194.8,188.8,0,96.1,"1,151.09",966
08/20/2018,79.77,588,45.59,590.65,14,18.54,"1,131.31",1.4,48.45,838.45,14.76,35.33,35.33,61.8,60.8,0,144.43,"1,280.87",4.8,42.9,0,96.55,"1,151.37",964.5
08/19/2018,80.06,588.1,45.78,590.98,158,18.59,"1,131.31",10.2,48.55,838.6,14.76,35.38,35.38,61.9,60.8,0,144.99,"1,281.17",0,38.4,0,96.83,"1,151.55",966.6
08/18/2018,80.23,587.29,46.12,591.1,611,18.72,"1,131.31",36.5,48.55,838.61,14.74,35.5,35.5,59.8,60.8,0,145.69,"1,281.55",0,38.5,0,96.4,"1,151.29",977
08/17/2018,78.88,586.77,46.24,589.96,611,18.94,"1,131.56",53.9,48.41,838.39,14.74,35.87,35.87,45.8,53.5,0,145.04,"1,281.2",152.9,163.9,0,93.59,"1,149.47",972.1
08/16/2018,78.02,586.73,45.06,590.22,610,18.47,"1,130.35",1.4,48.13,837.98,14.73,35.3,35.3,60.9,61.6,0,143.91,"1,280.59",159.6,174.8,0,92.49,"1,148.73",971.2
08/15/2018,77.95,586.45,45.33,590.29,610,18.68,"1,130.88",12.4,48.25,838.16,14.74,35.37,35.37,60.7,61.6,0,144.45,"1,280.88",0.3,41.6,0,92.37,"1,148.65",974.4
08/14/2018,77.48,586.36,45.4,588.95,610,18.89,"1,131.43",55.9,48.25,838.16,14.73,35.48,35.48,60.9,62,0,144.86,"1,281.1",43,38.1,4.9,91.89,"1,148.33",972.6
08/13/2018,77.33,586.21,44.07,587.35,607,19.11,"1,130.35",54.9,48.06,837.87,14.7,35.65,35.65,61,62,0,144.25,"1,280.77",225.6,223.2,0,90.89,"1,147.66",971.2
08/12/2018,77.1,586.22,42.52,587.65,608,18.49,"1,130.33",0,47.62,837.21,14.69,35.29,35.29,60.9,62,0,143.23,"1,280.22",225.7,226.0,0,90.98,"1,147.72",970.9
08/11/2018,77.09,586.15,42.81,587.82,608,18.53,"1,130.33",0,47.69,837.31,14.7,35.3,35.3,61.1,62,0,143.47,"1,280.35",225.7,225.9,0,90.99,"1,147.73",970.1
08/10/2018,76.99,586.12,42.98,588.29,608,18.45,"1,130.33",0,47.68,837.3,14.68,35.27,35.27,61.1,62,0,143.4,"1,280.31",225.7,225.9,0,90.7,"1,147.53",968.5
08/09/2018,76.93,586.24,43.43,588.7,609,18.45,"1,130.48",0,47.71,837.34,14.69,35.28,35.28,61,62,0,143.47,"1,280.35",225.9,226.2,0,90.61,"1,147.47",934
08/08/2018,77.14,586.22,43.83,588.98,609,18.55,"1,130.50",0.7,47.81,837.49,14.7,35.3,35.3,60.9,62,0,142.82,"1,280",225.9,226.3,0,89.92,"1,147.02",710.1
08/07/2018,77.09,586.24,44.11,589.55,610,18.47,"1,130.50",0,47.83,837.52,14.72,35.31,35.31,61,62,0,141.38,"1,279.22",225.8,226.2,0,88.8,"1,146.27",601.8
08/06/2018,77.13,586.23,44.66,589.93,610,18.48,"1,130.50",0.9,47.97,837.73,14.73,35.33,35.33,60.7,62,0,141.51,"1,279.29",225.8,226.1,0,88.41,"1,146.00",509.9
08/05/2018,77.13,586.15,45.03,590,609,18.5,"1,130.32",3.6,48.11,837.94,14.76,35.41,35.41,61,62,0,141.12,"1,279.08",225.9,226.2,0,88.07,"1,145.77",357.4
08/04/2018,76.99,586.13,45.1,588.96,599,18.6,"1,130.32",27.7,48.49,838.52,14.77,35.51,35.51,61,62.1,0,139.72,"1,278.32",206.8,200.1,0,87.27,"1,145.23",356.5
08/03/2018,76.94,585.93,44.08,587.49,439,18.97,"1,130.32",29.8,48.56,838.62,14.74,35.74,35.74,61.1,62.2,0,137.18,"1,276.92",110.1,0.0,0,85.77,"1,144.19",355.2
08/02/2018,76.62,585.86,42.65,587.25,207,18.51,"1,130.65",1.1,48.18,838.05,14.72,35.37,35.37,61,62.2,0,133.41,"1,274.8",109.8,0.0,0,84.36,"1,143.20",354.4
08/01/2018,76.5,585.76,42.43,586.33,207,18.58,"1,130.10",18.5,48.19,838.07,14.7,35.13,35.13,61.1,62,0,133.38,"1,274.78",109.8,0.0,0,84.29,"1,143.15",354.4
07/31/2018,76.33,585.71,41.52,586.53,254,18.39,"1,130.15",39.8,47.73,837.37,14.67,34.31,34.31,60.9,61.7,0,133.23,"1,274.7",109.8,0.0,0,84.25,"1,143.12",354.5
07/30/2018,76.26,585.89,41.72,586.38,404,18.37,"1,130.44",30,47.57,837.14,14.67,34.57,34.57,60.7,61.7,0,133.97,"1,275.11",109.8,0.0,0,84.2,"1,143.09",354.4
07/29/2018,76.56,586.07,41.57,586.3,404,18.4,"1,130.44",5.7,47.43,836.93,14.67,34.81,34.81,61.1,61.6,0,133.95,"1,275.1",109.7,0.0,0,84.1,"1,143.02",354.3
07/28/2018,76.84,586.25,41.49,586.02,403,18.43,"1,130.44",1.1,47.71,837.35,14.72,35.04,35.04,60.9,61.6,0,133.23,"1,274.71",108.1,0.0,0,83.9,"1,142.88",350.4
07/27/2018,77.15,586.35,41.21,585.27,249,18.46,"1,130.44",1.2,47.87,837.59,14.73,35.22,35.22,59.6,58.3,0,132.36,"1,274.21",81.6,13.2,0,83.46,"1,142.57",308.3
07/26/2018,77.32,586.52,40.49,583.77,24,18.53,"1,130.75",2.3,47.87,837.58,14.73,35.43,35.43,23.5,53.2,0,130.95,"1,273.42",0,74.7,0,82.75,"1,142.07",234.5
07/25/2018,77.59,586.59,39.09,581.16,25,18.7,"1,130.75",6.1,48.01,837.79,14.74,35.63,35.63,0,61.1,0,128.68,"1,272.13",0,78.0,0,80.97,"1,140.82",233.4
07/24/2018,77.71,586.65,36.7,578.28,26,18.56,"1,120.45",1.9,48.16,838.02,14.77,35.26,35.26,0,61.1,0,125.38,"1,270.22",0,81.0,0,79.68,"1,139.91",233.2
07/23/2018,77.82,586.51,34.14,576.34,26,17.86,"1,120.45",35.4,48.47,838.49,14.78,34.32,34.32,0,61.1,0,124.8,"1,269.86",0,80.9,0,79.45,"1,139.74",233
07/22/2018,77.57,586.35,32.48,576.32,24,14.68,"1,120.45",92.3,48.48,838.5,14.76,33.14,33.14,0,61.1,0,124.24,"1,269.56",0,80.9,0,79.34,"1,139.66",233.1
07/21/2018,77.28,586.33,32.45,576.63,20,14.68,"1,120.45",111.6,48.34,838.3,14.73,33.02,33.02,0,61,0,124.31,"1,269.61",0,81.0,0,79.62,"1,139.87",233.3
07/20/2018,77.28,586.34,32.73,577.03,19,14.75,"1,120.45",134.5,48.29,838.22,14.73,33.04,33.04,0,61.1,0,124.8,"1,269.86",0,80.6,0,79.93,"1,140.09",233.6
07/19/2018,77.29,586.35,33.07,577.41,19,14.84,"1,120.45",144.9,48.22,838.11,14.71,33.08,33.08,0,61.1,0,125.28,"1,270.15",0,81.1,0,80.26,"1,140.32",233.7
07/18/2018,77.31,586.39,33.4,577.75,15,14.95,"1,120.45",145.4,48.22,838.11,14.72,33.13,33.13,0,61,0,125.71,"1,270.4",0,81.2,0,80.54,"1,140.52",233.9
07/17/2018,77.38,586.35,33.7,578.08,19,15.05,"1,121.90",146.5,48.23,838.12,14.71,33.17,33.17,0,61,0,126.18,"1,270.67",0,81.2,0,80.69,"1,140.62",233.9
07/16/2018,77.32,586.37,33.99,578.44,19,15.09,"1,121.90",146.1,48.17,838.03,14.72,33.19,33.19,0,65,0,126.5,"1,270.86",0,86.8,0,80.8,"1,140.70",321.1
07/15/2018,77.34,586.37,34.29,578.8,19,15.19,"1,121.90",146.6,48.16,838.02,14.72,33.22,33.22,0,65.1,0,126.99,"1,271.14",0,86.7,0,81.23,"1,141.00",350
07/14/2018,77.36,586.32,34.6,579.15,18,15.29,"1,121.90",148.4,48.25,838.15,14.73,33.25,33.25,0,65.1,0,127.4,"1,271.38",0,86.8,0,81.51,"1,141.20",266
07/13/2018,77.27,586.4,34.9,579.44,17,15.38,"1,121.90",146.2,48.43,838.42,14.75,33.28,33.28,0,65.1,0,127.73,"1,271.56",0,86.8,0,81.53,"1,141.21",266.1
07/12/2018,77.41,586.43,35.15,579.88,17,15.51,"1,122.21",144.2,48.49,838.52,14.75,33.31,33.31,0,65.1,0,128.2,"1,271.84",0,86.9,0,81.81,"1,141.41",266.3
07/11/2018,77.44,586.45,35.53,580.31,17,15.65,"1,123.00",144.9,48.48,838.5,14.74,33.35,33.35,0,65.1,0,128.71,"1,272.14",0,86.9,0,82.21,"1,141.68",266.6
07/10/2018,77.48,586.48,35.92,580.75,17,15.78,"1,123.00",145.4,48.48,838.5,14.74,33.42,33.42,0,65.1,0,129.15,"1,272.39",0,87.0,0,82.56,"1,141.94",266.9
07/09/2018,77.53,586.48,36.33,581.17,17,16.23,"1,124.34",144.8,48.42,838.41,14.73,33.44,33.44,0,65.1,0,129.8,"1,272.77",0,87.0,0,82.95,"1,142.21",267.1
07/08/2018,77.54,586.51,36.71,581.57,17,16.03,"1,124.38",142.6,48.39,838.37,14.74,33.48,33.48,0,65.2,0,130.27,"1,273.04",0,86.4,0,83.32,"1,142.47",267.4
07/07/2018,77.58,586.52,37.08,581.98,19,16.13,"1,124.38",141.9,48.33,838.27,14.75,33.51,33.51,0,65.2,0,130.75,"1,273.31",0,86.3,0,83.68,"1,142.72",267.6
07/06/2018,77.61,586.55,37.46,582.38,19,16.24,"1,124.38",142.9,48.32,838.26,14.75,33.55,33.55,0,65.2,0,131.16,"1,273.54",0,86.4,0,83.99,"1,142.94",267.7
07/05/2018,77.66,586.56,37.82,582.76,17,16.34,"1,125.50",142.8,48.32,838.26,14.75,33.55,33.55,0,69.4,0,131.52,"1,273.74",0,91.9,0,84.25,"1,143.12",267.9
07/04/2018,77.67,586.58,38.17,583.21,17,16.44,"1,125.50",141.5,48.35,838.31,14.76,33.57,33.57,0,78,0,131.77,"1,273.88",0,103.1,0,84.52,"1,143.31",312.3
07/03/2018,77.7,586.58,38.58,583.64,17,16.54,"1,125.50",138.6,48.37,838.34,14.76,33.6,33.6,0,78,0,132.43,"1,274.25",0,103.2,0,84.79,"1,143.50",397.5
07/02/2018,77.71,586.6,38.98,584.07,16,16.64,"1,125.50",138.5,48.45,838.45,14.75,33.68,33.68,0,78,0,132.82,"1,274.47",0,103.3,0,85.03,"1,143.67",409.6
07/01/2018,77.73,586.59,39.37,584.48,16,16.76,"1,126.20",138.7,48.47,838.48,14.77,33.71,33.71,0,73.7,0,133.22,"1,274.69",0,97.9,0,85.36,"1,143.90",463.7
06/30/2018,77.72,586.61,39.74,584.88,17,16.85,"1,126.20",139.9,48.61,838.7,14.77,33.73,33.73,0,64.9,0,133.65,"1,274.93",0,87.0,0,85.73,"1,144.16",412.6
06/29/2018,77.75,586.62,40.11,585.27,17,16.93,"1,126.20",139,48.57,838.64,14.75,33.73,33.73,0,64.9,0,134.06,"1,275.16",0,87.0,0,85.88,"1,144.27",264.5
06/28/2018,77.77,586.62,40.48,585.54,18,17,"1,126.53",139.2,48.53,838.57,14.75,33.71,33.71,0,64.9,0,134.38,"1,275.34",0,87.0,0,85.85,"1,144.25",264.4
06/27/2018,77.78,586.54,40.75,585.65,18,17.02,"1,126.53",140.2,48.43,838.43,14.73,33.56,33.56,0,64.8,0,134.5,"1,275.41",0,87.1,0,85.71,"1,144.15",264.5
06/26/2018,77.62,586.55,40.86,585.93,18,17.1,"1,127.13",138.5,48.31,838.24,14.72,33.49,33.49,0,64.7,0,134.81,"1,275.57",0,87.1,0,85.87,"1,144.26",264.7
06/25/2018,77.65,586.57,41.14,586.23,18,17.18,"1,127.13",138.9,48.32,838.26,14.73,33.53,33.53,0,64.7,0,135.23,"1,275.82",0,87.2,0,86.21,"1,144.50",264.8
06/24/2018,77.67,586.53,41.43,586.46,18,17.21,"1,127.13",140,48.29,838.22,14.71,33.65,33.65,0,64.8,0,135.63,"1,276.04",0,87.2,0,86.44,"1,144.66",264.8
06/23/2018,77.62,586.54,41.64,586.72,18,17.15,"1,127.13",140,48.32,838.26,14.72,33.63,33.63,0,64.8,0,135.93,"1,276.21",0,87.2,0,86.65,"1,144.81",265
06/22/2018,77.62,586.55,41.9,587,15,17.22,"1,127.13",137.8,48.36,838.32,14.71,33.64,33.64,0,64.8,0,136.25,"1,276.39",0,87.2,0,86.95,"1,145.02",265.3
06/21/2018,77.67,586.58,42.17,587.27,15,17.3,"1,127.41",135.8,48.33,838.28,14.7,33.74,33.74,0,64.8,0,136.73,"1,276.66",0,87.3,0,87.36,"1,145.29",265.6
06/20/2018,77.68,586.57,42.45,587.56,17,17.44,"1,127.97",136,48.38,838.35,14.71,33.76,33.76,0,64.8,0,137.18,"1,276.9",0,87.4,0,87.76,"1,145.56",265.8
06/19/2018,77.69,586.59,42.72,587.8,17,17.53,"1,127.97",132.6,48.26,838.17,14.71,33.94,33.94,0,64.9,0,137.65,"1,277.17",0,87.4,0,88.1,"1,145.79",265.9
06/18/2018,77.71,586.59,42.96,588,15,17.62,"1,128.20",133.2,48.25,838.16,14.71,34.05,34.05,0,64.9,0,138.04,"1,277.39",0,87.4,0,88.46,"1,146.03",299.4
06/17/2018,77.72,586.6,43.15,588.21,16,17.7,"1,128.90",133.9,48.28,838.2,14.73,34.04,34.04,0,64.9,0,138.84,"1,277.84",0,87.1,0,88.82,"1,146.27",391.8
06/16/2018,77.72,586.61,43.36,588.42,18,17.79,"1,128.90",132.4,48.31,838.25,14.74,34.05,34.05,0,65,0,139.11,"1,277.99",0,86.7,0,89.31,"1,146.60",267.6
06/15/2018,77.74,586.61,43.57,588.64,18,17.87,"1,128.90",125.9,48.31,838.24,14.71,34.2,34.2,0,65,0,139.18,"1,278.03",0,86.7,0,89.7,"1,146.86",267.7
06/14/2018,77.73,586.64,43.77,588.85,18,17.99,"1,129.17",122.5,48.35,838.3,14.71,34.3,34.3,0,70.8,0,139.42,"1,278.16",0,90.0,0,90.04,"1,147.09",297.3
06/13/2018,77.77,586.66,43.97,589.05,18,18.02,"1,129.25",123.4,48.43,838.43,14.71,34.3,34.3,0,70.8,0,139.7,"1,278.32",0,90.0,0,90.43,"1,147.35",297.1
06/12/2018,77.84,586.69,44.17,589.26,16,18.08,"1,129.85",122,48.5,838.53,14.72,34.28,34.28,0,70.8,0,139.96,"1,278.45",0,90.1,0,90.76,"1,147.57",299.4
06/11/2018,77.87,586.7,44.38,589.46,16,18.14,"1,129.85",118.5,48.56,838.62,14.73,34.38,34.38,0,70.6,0,140.24,"1,278.6",0,90.1,0,91.14,"1,147.83",289
06/10/2018,77.9,586.7,44.58,589.65,15,18.18,"1,129.85",115.8,48.55,838.59,14.73,34.45,34.45,0,70.6,0,140.51,"1,278.75",0,90.1,0,91.49,"1,148.06",297.2
06/09/2018,77.91,586.71,44.75,589.83,15,18.23,"1,129.85",114.3,48.54,838.59,14.71,34.54,34.54,0,70.7,0,140.75,"1,278.88",0,90.2,0,91.83,"1,148.29",298.6
06/08/2018,77.92,586.71,44.94,590.02,16,18.26,"1,129.85",111.4,48.54,838.59,14.72,34.62,34.62,0,70.7,0,141.03,"1,279.03",0,90.2,0,92.17,"1,148.52",297
06/07/2018,77.92,586.67,45.12,590.23,16,18.28,"1,129.85",13.1,48.52,838.56,14.7,34.7,34.7,0,8.8,0,141.25,"1,279.15",0,11.2,0,92.49,"1,148.73",36.9
06/06/2018,77.87,586.78,45.34,590.25,17,18.28,"1,129.80",102,48.76,838.91,14.72,34.76,34.76,0,70.7,0,141.48,"1,279.27",0,90.3,0,92.6,"1,148.81",296.5
06/05/2018,78.02,586.86,45.35,590.27,17,18.28,"1,129.74",96.7,48.86,839.07,14.72,34.8,34.8,0,70.6,0,141.59,"1,279.33",0,90.2,0,92.89,"1,149.00",296.4
06/04/2018,78.18,586.9,45.38,590.33,17,18.23,"1,129.55",96.3,48.9,839.13,14.72,34.89,34.89,0,70.6,0,141.64,"1,279.36",0,90.2,0,93.14,"1,149.17",296.8
06/03/2018,78.24,586.85,45.44,590.4,16,18.18,"1,129.93",171.6,48.91,839.15,14.73,34.96,34.96,0,70.6,0,141.77,"1,279.43",0,90.3,0,93.36,"1,149.32",297.6
06/02/2018,78.14,586.75,45.51,590.32,16,18.16,"1,129.93",342.5,49.03,839.33,14.74,35.05,35.05,38,70.7,0,141.53,"1,279.3",0,90.3,0,93.57,"1,149.46",298.4
06/01/2018,78,586.77,45.44,590.26,16,18.29,"1,129.93",169.4,49.01,839.3,14.74,35.18,35.18,38,67.6,0,141.48,"1,279.27",0,87.9,0,93.8,"1,149.61",282.7
05/31/2018,78.01,586.82,45.42,590.24,16,18.32,"1,130.18",97,49.03,839.32,14.74,34.98,34.98,0,65.1,0,141.57,"1,279.32",0,90.4,0,93.92,"1,149.69",289.3
05/30/2018,80.21,586.94,47.44,590.23,16,19.59,"1,130.18",94.8,49.31,838.9,14.72,35.31,35.31,0,65.1,0,142.71,"1,279.44",0,90.3,0,96.54,"1,149.88",289.6
05/29/2018,80.41,587.04,47.42,590.22,17,19.61,"1,130.18",89.3,49.17,838.69,14.71,35.24,35.24,0,65.1,0,142.96,"1,279.58",0,90.4,0,96.85,"1,150.08",289.9
05/28/2018,80.57,587.1,47.41,590.22,18,19.62,"1,130.18",30.2,49.22,838.76,14.72,35.3,35.3,0,65.6,0,143.13,"1,279.67",0,90.8,0,97.06,"1,150.21",297.1
05/27/2018,80.69,587.14,47.42,590.22,18,19.65,"1,130.18",0,49.3,838.89,14.72,35.32,35.32,0,78,0,143.26,"1,279.74",0,103.2,0,97.05,"1,150.20",414.7
05/26/2018,80.74,587.21,47.42,590.24,16,19.66,"1,130.18",0,49.26,838.83,14.71,35.49,35.49,0,77.9,0,143.32,"1,279.77",0,148.4,0,97.06,"1,150.21",472.4
05/25/2018,80.85,587.25,47.43,590.26,19,19.66,"1,130.18",0,49.24,838.8,14.71,35.54,35.54,0,77.9,0,143.52,"1,279.88",0,193.8,0,97.16,"1,150.27",538.2
05/24/2018,80.95,587.3,47.46,590.3,23,19.66,"1,130.25",0,49.21,838.75,14.72,35.56,35.56,14.6,77.8,0,143.72,"1,279.99",0,193.9,0,97.31,"1,150.36",538.6
05/23/2018,81.01,587.34,47.5,590.33,24,19.66,"1,130.25",0,49.22,838.76,14.73,35.56,35.56,44.9,78,0,143.87,"1,280.07",4.7,193.9,0,97.4,"1,150.42",538.7
05/22/2018,81.07,587.3,47.53,590.36,24,19.67,"1,130.24",0,49.17,838.68,14.72,35.6,35.6,45.1,77.7,0,143.98,"1,280.13",65.3,193.9,0,97.4,"1,150.42",538.7
05/21/2018,81.02,587.27,47.56,590.4,24,19.69,"1,130.24",0,49.08,838.56,14.72,35.62,35.62,37.3,77.8,0,144.19,"1,280.24",48.7,194.0,0,97.26,"1,150.32",538.7
05/20/2018,80.96,587.17,47.61,590.47,24,19.69,"1,130.24",0,49.07,838.55,14.7,35.68,35.68,0,70.5,0,144.41,"1,280.36",0,193.9,0,97.27,"1,150.34",523
05/19/2018,80.78,586.94,47.69,590.3,24,19.72,"1,130.24",30,49.01,838.46,14.73,35.59,35.59,0,65,0,144.52,"1,280.42",0,193.8,0,97.19,"1,150.29",472.1
05/18/2018,80.42,586.96,47.5,590.31,22,19.63,"1,130.24",58.7,48.85,838.21,14.72,35.14,35.14,0,64.9,0,144.24,"1,280.27",0,193.9,0,96.89,"1,150.10",472
05/17/2018,80.43,586.93,47.51,590.33,22,19.66,"1,130.24",58.4,48.93,838.33,14.72,35.15,35.15,0,64.9,0,144.21,"1,280.25",0,193.9,0,96.95,"1,150.14",472.1
05/16/2018,80.4,586.89,47.53,590.37,22,19.65,"1,130.19",55.2,49.07,838.55,14.66,35.11,35.11,0,64.9,0,144.04,"1,280.16",0,193.8,0,96.97,"1,150.15",472.1
05/15/2018,80.33,586.82,47.57,590.3,22,19.68,"1,130.19",66,48.89,838.29,14.65,35.17,35.17,0,64.9,0,144.21,"1,280.25",0,193.9,0,96.92,"1,150.12",496.8
05/14/2018,80.18,586.84,47.49,590.31,22,19.66,"1,130.23",66.9,48.71,838,14.62,35.15,35.15,0,64.9,0,143.78,"1,280.02",0,193.8,0,96.85,"1,150.08",666.4
05/13/2018,80.24,586.91,47.51,590.32,23,19.65,"1,130.31",57.4,48.77,838.09,14.63,35.22,35.22,0,64.9,0,143.91,"1,280.09",0,193.9,0,97.03,"1,150.19",666.5
05/12/2018,80.37,586.98,47.52,590.31,23,19.66,"1,130.31",48.8,48.91,838.3,14.64,35.12,35.12,0,64.8,0,144,"1,280.14",0,193.9,0,97.1,"1,150.23",666.5
05/11/2018,80.48,587.04,47.51,590.31,22,19.65,"1,130.31",36.7,48.89,838.28,14.63,35.15,35.15,0,64.8,0,144.04,"1,280.16",0,193.9,0,97.13,"1,150.25",666.2
05/10/2018,80.57,587.13,47.48,590.26,22,19.68,"1,130.31",13.9,48.99,838.43,14.65,35.08,35.08,0,64.8,0,144.21,"1,280.25",23.3,170.5,0,97.21,"1,150.30",666.5
05/09/2018,80.73,587.22,47.46,590.14,21,19.72,"1,128.94",0,49.18,838.7,14.65,35.08,35.08,0,64.8,0,144,"1,280.13",193.8,0.0,0,97.14,"1,150.26",674.4
05/08/2018,80.88,587.21,47.34,590.18,21,19.69,"1,128.94",0,49.15,838.66,14.64,35.2,35.2,0,64.9,0,144.11,"1,280.19",139.6,0.0,0,97.14,"1,150.25",832.8
05/07/2018,80.85,587.16,47.37,590.2,23,19.17,"1,126.82",0,49.07,838.55,14.65,35.3,35.3,0,64.9,0,144.13,"1,280.21",155.2,86.0,0,97.23,"1,150.31",971
05/06/2018,80.77,587.07,47.4,590.18,23,18.43,"1,126.67",0,49.01,838.45,14.63,35.37,35.37,0,66,0,144.35,"1,280.33",174.9,175.0,0,97.31,"1,150.36",970.4
05/05/2018,80.62,587.02,47.37,590.17,22,18.32,"1,126.67",0,48.92,838.32,14.63,35.43,35.43,7.5,71,0,144.13,"1,280.21",174.9,175.0,0,97.31,"1,150.36",970.7
05/04/2018,80.55,586.93,47.37,590.18,22,18.37,"1,126.67",0,48.89,838.27,14.65,35.49,35.49,39.8,70.9,0,144.19,"1,280.24",174.9,174.9,0,97.43,"1,150.44",971.1
05/03/2018,80.38,586.86,47.37,590.08,20,18.38,"1,126.30",0,48.88,838.26,14.65,35.54,35.54,40,70.9,0,144.15,"1,280.23",174.9,174.5,0,97.5,"1,150.48",971.1
05/02/2018,80.28,586.79,47.26,589.9,39,18.34,"1,126.30",0,48.87,838.24,14.66,35.59,35.59,39.8,70.9,0,144.02,"1,280.15",191.5,197.7,0,97.6,"1,150.54",971.4
05/01/2018,80.14,586.77,47.07,589.62,296,18.19,"1,126.30",0,49.01,838.45,14.67,35.64,35.64,39.8,70.9,0,144.1,"1,280.19",224.9,224.9,0,97.79,"1,150.66",970.2
04/30/2018,80.12,586.75,46.81,589.45,296,18.26,"1,126.30",0,49.14,838.65,9.93,35.65,35.65,39.9,70.9,0,144.41,"1,280.36",224.8,224.9,0,97.87,"1,150.71",964.9
04/29/2018,80.1,586.76,46.65,589.29,311,18.16,"1,126.30",0,49.22,838.76,9.78,35.65,35.65,35.1,70.9,0,144.3,"1,280.3",224.9,224.9,0,97.87,"1,150.71",965.1
04/28/2018,80.12,586.61,46.47,589.01,315,18.23,"1,126.30",0,49.2,838.73,9.81,35.68,35.68,35.1,70.9,0,144.28,"1,280.29",225,224.8,0,97.95,"1,150.76",964.9
04/27/2018,79.87,586.58,46.19,588.69,315,18.22,"1,126.30",0,49.16,838.67,9.81,35.68,35.68,34.4,70.9,0,144.21,"1,280.25",224.9,224.7,0,97.95,"1,150.76",964.7
04/26/2018,79.8,586.53,45.87,588.32,311,18.24,"1,125.26",0,49.11,838.6,9.8,35.69,35.69,29.8,71,0,143.87,"1,280.07",224.9,224.7,0,97.79,"1,150.66",965.3
04/25/2018,79.74,586.41,45.51,587.69,367,18.3,"1,125.26",0,49.06,838.53,9.79,35.75,35.75,27.4,71,0.8,143.74,"1,280",224.8,224.6,0,97.55,"1,150.51",964.5
04/24/2018,79.52,586.4,44.88,587.72,559,17.9,"1,125.26",0,48.94,838.35,9.79,35.63,35.63,0,70.9,19.9,143.54,"1,279.87",224.8,224.8,0,97.13,"1,150.25",964.9
04/23/2018,79.5,586.44,44.91,588.09,604,17.89,"1,125.43",0,49.11,838.6,9.8,35.6,35.6,1.1,71,5.4,143.61,"1,279.93",224.8,225.0,0,97.48,"1,150.46",965.4
04/22/2018,79.57,586.47,45.28,588.44,606,17.97,"1,126.58",0,49.14,838.65,9.8,35.62,35.62,0,71.1,0,143.87,"1,280.07",224.8,225.1,0,97.9,"1,150.73",964
04/21/2018,79.62,586.46,45.63,588.74,607,18.02,"1,126.58",0,49.15,838.66,9.79,35.62,35.62,0,71.1,0,144.13,"1,280.21",224.7,225.1,0,98.42,"1,151.05",923.9
04/20/2018,79.61,586.5,45.92,588.94,607,18.11,"1,126.58",0,49.14,838.65,9.75,35.61,35.61,0,71.1,0,144.37,"1,280.34",224.9,225.0,0,99.04,"1,151.44",324.3
04/19/2018,79.68,586.45,46.1,588.9,601,18.22,"1,126.58",0,49.02,838.48,9.72,35.63,35.63,0,71.1,0,144.71,"1,280.52",216.1,177.4,0,99.11,"1,151.48",128.3
04/18/2018,79.56,586.15,46.08,589.03,425,18.35,"1,127.34",1.7,48.85,838.21,9.7,35.67,35.67,6.5,71.1,0,145.1,"1,280.73",167.5,1.1,0.9,98.69,"1,151.22",417
04/17/2018,79.08,585.64,46.21,588.2,14,18.66,"1,129.34",10.1,48.64,837.9,9.67,35.73,35.73,44.2,71,0,145.56,"1,280.98",0,0.0,22.9,98.14,"1,150.88",835.5
04/16/2018,78.2,585.17,45.39,585.75,14,19.35,"1,125.20",32.4,48.43,837.59,9.67,35.9,35.9,0,69.2,0,145.45,"1,280.92",87.1,77.7,1.4,97.4,"1,150.42",969.4
04/15/2018,77.43,585.05,42.95,585.53,12,18.12,"1,125.20",0,48.22,837.29,9.68,35.36,35.36,0,48.4,0,143.82,"1,280.06",64.4,59.7,0,96.65,"1,149.94",974.8
04/14/2018,77.23,585,42.73,585.37,12,18.17,"1,125.20",0,48.55,837.77,9.7,35.08,35.08,0,48.4,0,143.06,"1,279.63",64.4,59.7,0,96.7,"1,149.98",973.6
04/13/2018,77.14,584.95,42.56,585.35,12,18.04,"1,125.20",0,48.6,837.84,9.73,34.73,34.73,0,48.4,0,142.46,"1,279.31",64.7,59.9,0,96.79,"1,150.04",964.5
04/12/2018,77.08,584.9,42.54,585.4,12,17.84,"1,125.48",0,48.62,837.88,9.74,34.54,34.54,0,48.3,0,142.24,"1,279.18",64.7,59.8,0,96.89,"1,150.10",959.8
04/11/2018,77,584.78,42.6,585.56,11,17.84,"1,125.48",0,48.69,837.97,9.76,34.41,34.41,0,48.3,0,142.19,"1,279.16",64.7,59.9,0,97.08,"1,150.22",959
04/10/2018,76.79,584.63,42.76,585.71,11,17.9,"1,125.48",0,48.5,837.69,9.79,34.29,34.29,0,48.3,0,142.15,"1,279.13",63.5,57.4,0,97.5,"1,150.48",964
04/09/2018,76.57,584.52,42.91,585.77,11,17.97,"1,125.54",0,48.36,837.49,9.82,34.18,34.18,0,48.2,0,141.61,"1,278.85",64.7,59.5,0,97.97,"1,150.77",965.7
04/08/2018,76.4,584.38,42.96,585.8,11,18.04,"1,125.54",0,48.13,837.14,9.84,34.27,34.27,0,48.3,0,141.59,"1,278.84",64.6,59.5,0,98.29,"1,150.96",966.2
04/07/2018,76.15,584.23,43,585.75,11,18.13,"1,125.54",0,48.15,837.18,9.83,34.13,34.13,0,48.2,0,141.43,"1,278.75",64.6,59.4,0,98.56,"1,151.14",966.4
04/06/2018,75.9,584.02,42.94,585.59,10,18.25,"1,125.54",0,48.15,837.18,9.86,33.97,33.97,0,46.6,0,140.78,"1,278.4",65.2,25.6,0,98.59,"1,151.16",967.1
04/05/2018,75.57,583.86,42.79,585.46,11,18.29,"1,125.54",0,48.11,837.11,9.86,33.75,33.75,0,48.2,0,139.93,"1,277.94",65.3,0.0,0,98.42,"1,151.05",966.5
04/04/2018,75.31,583.73,42.65,585.28,11,18.52,"1,125.54",0,47.97,836.91,9.87,33.5,33.5,0,48.2,0,138.98,"1,277.42",65.1,0.0,0,98.13,"1,150.88",963.4
04/03/2018,75.11,583.52,42.47,585.21,11,18.2,"1,125.54",0,47.74,836.56,9.83,33.13,33.13,0,48.1,0,137.97,"1,276.85",65,0.0,0,97.43,"1,150.43",657
04/02/2018,74.74,583.43,42.41,585,11,17.93,"1,114.46",0,47.64,836.41,9.84,33.03,33.03,0,48.1,0,137.16,"1,276.39",64.9,0.0,0,96.42,"1,149.80",352.9
04/01/2018,74.61,583.36,42.2,584.67,11,17.41,"1,114.46",0,47.55,836.28,9.83,33.03,33.03,0,48,0,136.32,"1,275.92",64.8,0.0,0,95.28,"1,149.05",242.7
03/31/2018,74.51,583.31,41.89,584.27,11,16.65,"1,114.46",0,47.64,836.42,9.85,32.82,32.82,0,48,0,135.36,"1,275.38",64.7,0.0,0,93.77,"1,148.06",243.4
03/30/2018,74.42,583.33,41.52,583.89,11,15.66,"1,114.46",0,47.74,836.56,9.85,32.58,32.58,0,48.2,0,134.18,"1,274.72",69.3,22.0,0,91.96,"1,146.87",584.3
03/29/2018,74.46,583.36,41.16,583.84,11,14.13,"1,114.46",0,47.8,836.66,9.84,32.27,32.27,0,48.1,0,132.63,"1,273.85",74.6,74.9,0,89.94,"1,145.54",793.5
03/28/2018,74.51,583.4,41.12,583.87,10,13.8,"1,114.46",0,47.7,836.51,9.84,32.15,32.15,0,48.1,0,132.29,"1,273.67",74.6,74.9,0,89.99,"1,145.56",795
03/27/2018,74.56,583.43,41.14,583.91,11,13.9,"1,114.46",0,47.7,836.5,9.84,32.12,32.12,0,48,0,132.57,"1,273.82",74.5,75.0,0.1,90.52,"1,145.92",615.1
03/26/2018,74.63,583.47,41.19,583.98,12,14.1,"1,114.46",0,47.65,836.43,9.85,32.05,32.05,0,47.8,0,132.79,"1,273.94",71.3,78.0,0,90.93,"1,146.19",352.2
03/25/2018,74.69,583.52,41.26,584.06,12,14.35,"1,118.77",0,47.72,836.53,9.89,32.01,32.01,0,48,0,133.13,"1,274.13",54.2,97.3,0,91.17,"1,146.35",356.2
03/24/2018,74.77,583.55,41.33,584.15,12,14.57,"1,118.77",0,47.68,836.48,9.92,31.95,31.95,0,48,0,133.45,"1,274.3",52.8,97.3,0,91.4,"1,146.50",352.7
03/23/2018,74.81,583.56,41.42,584.26,13,14.8,"1,118.77",0,47.68,836.48,9.93,31.91,31.91,0,48,0,133.82,"1,274.52",52.8,97.2,0,91.66,"1,146.67",288
03/22/2018,74.84,583.58,41.51,584.39,13,15.03,"1,118.77",0,47.6,836.36,9.75,31.91,31.91,0,48,0,134.09,"1,274.67",52.9,96.5,0,91.78,"1,146.75",197.8
03/21/2018,74.86,583.64,41.63,584.48,13,15.27,"1,118.77",0,47.48,836.17,9.79,32.12,32.12,0,48.1,0,134.4,"1,274.84",52.9,96.5,0,91.68,"1,146.68",197.4
03/20/2018,74.97,583.65,41.72,584.56,12,15.51,"1,118.77",0,47.5,836.21,9.82,32.28,32.28,0,56.6,0,134.65,"1,274.98",69.6,96.6,0,91.57,"1,146.61",160.4
03/19/2018,74.98,583.68,41.79,584.64,12,15.75,"1,118.90",0,47.58,836.33,9.81,32.44,32.44,0,70.7,0,134.97,"1,275.16",97.3,96.6,0,91.4,"1,146.50",113.5
03/18/2018,75.03,583.7,41.86,584.73,12,16,"1,119.69",0.7,47.54,836.27,9.79,32.66,32.66,0,70.7,0,135.25,"1,275.32",97.3,96.7,0,91.17,"1,146.35",113.5
03/17/2018,75.06,583.7,41.95,584.8,12,16.22,"1,120.37",0,47.52,836.24,9.79,32.88,32.88,0,70.6,0,135.56,"1,275.49",96.7,96.7,0,90.93,"1,146.19",112.7
03/16/2018,75.07,583.71,42.01,584.89,13,16.44,"1,121.02",0,47.5,836.2,9.76,33.09,33.09,0,70.7,0,135.79,"1,275.62",96.7,96.7,0,90.67,"1,146.02",114
03/15/2018,75.08,583.73,42.1,584.93,13,16.65,"1,121.64",0,47.44,836.11,9.67,33.3,33.3,0,70.8,0,136.06,"1,275.77",96.7,96.8,0,90.38,"1,145.83",113.4
03/14/2018,75.11,583.88,42.14,584.64,54,16.83,"1,122.16",0,47.47,836.16,9.63,33.51,33.51,0,70.9,0,136.18,"1,275.84",96.8,96.8,0,90.05,"1,145.61",112.6
03/13/2018,75.35,584.06,41.87,584.39,257,17,"1,122.65",0,47.58,836.33,9.66,33.71,33.71,0,70.9,0,136.22,"1,275.87",96.8,96.8,0,89.65,"1,145.35",183.8
03/12/2018,75.65,584.22,41.63,584.32,586,17.14,"1,123.14",0,47.7,836.51,9.69,33.9,33.9,60.8,67.5,0,136.18,"1,275.84",226.9,224.8,0,89.35,"1,145.15",961.4
03/11/2018,75.9,584.39,41.57,584.61,586,17.3,"1,123.62",0,47.75,836.58,9.68,34.07,34.07,60.9,62.1,0,136.22,"1,275.86",226.8,224.9,0,89.5,"1,145.24",961.6
03/10/2018,76.17,584.57,41.85,584.87,584,17.46,"1,124.09",0,47.79,836.63,9.68,34.29,34.29,58.3,59.5,0,136.41,"1,275.97",217.4,215.5,0,89.94,"1,145.54",921.6
03/09/2018,76.45,584.73,42.09,585.1,584,17.59,"1,124.41",0,47.8,836.68,9.69,34.5,34.5,60.9,62.1,0,136.63,"1,276.09",226.8,224.8,0,90.32,"1,145.79",910.4
03/08/2018,76.72,584.9,42.3,585.29,588,17.69,"1,124.76",0,47.62,836.38,9.66,34.75,34.75,60.8,62.2,0,136.72,"1,276.14",226.8,224.9,0,90.69,"1,146.03",966.6
03/07/2018,77,585.04,42.49,585.38,588,17.76,"1,124.94",0.6,47.62,836.39,9.66,34.99,34.99,60.9,62.1,0,136.68,"1,276.12",226.8,224.9,0,90.98,"1,146.22",966.5
03/06/2018,77.21,585.1,42.58,585.62,587,17.83,"1,125.09",0.6,47.75,836.55,9.7,35.2,35.2,60.8,61.6,0,136.63,"1,276.09",226.9,224.9,0,91.22,"1,146.38",966.4
03/05/2018,77.32,585.04,42.82,586.11,589,17.95,"1,125.45",1,47.79,836.64,9.71,35.41,35.41,60.9,61.7,0,136.45,"1,275.99",226.9,225.0,0,91.42,"1,146.51",964.6
03/04/2018,77.22,584.87,43.32,586.66,590,18.26,"1,126.32",1,47.93,836.85,9.68,35.59,35.59,61.1,61.7,0,136.27,"1,275.89",226.8,225.1,0,91.6,"1,146.63",965.9
03/03/2018,76.93,584.61,43.86,587.24,594,18.26,"1,126.32",1.3,48.26,837.34,9.7,35.61,35.61,60.9,61.8,0,136.09,"1,275.79",226.8,225.1,0,91.71,"1,146.70",961.1
03/02/2018,76.53,584.19,44.46,587.51,594,18.26,"1,126.32",0.5,48.54,837.76,9.71,35.66,35.66,60.8,61.8,0,135.79,"1,275.62",226.9,225.1,0,91.66,"1,146.67",968.3
03/01/2018,75.83,583.75,44.67,588.15,590,18.26,"1,126.30",0.7,48.54,837.76,9.7,35.68,35.68,60.9,62,0,135.16,"1,275.27",226.8,224.8,0,91.37,"1,146.48",970
02/28/2018,75.14,583.37,45.34,588.85,531,18.29,"1,126.39",0.4,48.73,838.04,9.71,35.57,35.57,60.7,62,0,134.5,"1,274.91",227,224.8,0,91.04,"1,146.26",969.8
02/27/2018,74.52,583.15,46.03,588.89,354,18.32,"1,126.49",0.7,48.85,838.22,9.73,35.42,35.42,60.9,62,0,134.04,"1,274.62",226.8,224.9,0,90.69,"1,146.03",966.3
02/26/2018,74.17,582.95,46.07,588.73,349,18.4,"1,126.74",1,48.94,838.35,9.73,35.19,35.19,60.9,62.2,0,133.27,"1,274.21",226.9,224.8,0,90.09,"1,145.64",939.7
02/25/2018,73.84,582.79,45.92,587.99,301,18.57,"1,127.14",1.2,49.2,838.73,9.71,34.87,34.87,60.9,62.1,0,132.29,"1,273.66",205.4,162.3,0,89.08,"1,144.97",744.3
02/24/2018,73.59,582.64,45.17,587.75,299,18.41,"1,126.70",1,49.02,838.47,9.72,34.23,34.23,60.7,62,0,130.77,"1,272.8",142.6,97.3,0,87.31,"1,143.75",500
02/23/2018,73.36,582.5,44.94,587.68,293,18.37,"1,126.55",0.9,49.03,838.49,9.72,33.9,33.9,60.7,61.9,0,129.68,"1,272.17",75.7,54.1,0,85.87,"1,142.75",260.6
02/22/2018,73.14,582.39,44.86,587.63,236,18.27,"1,126.31",0.6,48.88,838.27,9.7,33.87,33.87,60.9,61.8,0,128.72,"1,271.61",65.4,0.0,0,84.51,"1,141.82",115.9
02/21/2018,72.94,582.11,44.81,587.7,13,18.29,"1,126.38",0.1,48.46,837.64,9.66,33.81,33.81,56.5,62.3,0,128.13,"1,271.28",65.3,0.0,0,82.89,"1,140.69",114.5
02/20/2018,72.49,581.82,44.87,587.71,13,18.25,"1,126.80",55,48.02,836.98,9.67,33.6,33.6,0,71,0,127.39,"1,270.78",65.2,0.0,0,81.33,"1,139.59",117.9
02/19/2018,72.03,581.5,44.91,587.74,13,18.11,"1,126.14",159.8,47.54,836.28,9.67,33.41,33.41,0,71.1,0,126.41,"1,270.28",65,0.0,0,79.52,"1,138.28",114.1
02/18/2018,71.51,581.2,44.93,587.85,12,18.02,"1,125.89",158.7,47.36,835.99,9.67,33.18,33.18,0,71.1,0,125.68,"1,269.85",65,0.0,0,78.47,"1,137.52",114
02/17/2018,71.01,580.84,45.07,587.92,13,18.06,"1,125.98",161.2,47.3,835.91,9.67,33.04,33.04,0,71,0,125.18,"1,269.56",65,0.0,0,75.18,"1,135.14",113.8
02/16/2018,70.43,580.48,45.1,587.85,20,18.03,"1,125.84",184.7,47.23,835.8,9.67,32.82,32.82,0,70.9,0,124,"1,268.87",64.9,0.0,0,75.18,"1,135.14",113.5
02/15/2018,69.86,580.13,45.05,587.83,20,17.66,"1,125.28",206,47.13,835.67,9.65,32.51,32.51,0,70.7,0,123.51,"1,268.59",64.7,0.0,0,74.97,"1,134.99",112.7
02/14/2018,69.27,579.74,45.03,588.05,19,17.33,"1,124.13",267.8,46.87,835.27,9.68,32.56,32.56,0,70.7,0,122.75,"1,268.15",64.7,0.0,0,74.19,"1,134.41",110.1
02/13/2018,68.68,579.34,45.24,588.16,19,17.18,"1,123.20",324.2,46.97,835.41,9.71,32.74,32.74,0,70.8,0,122.26,"1,267.86",64.7,0.0,0,73.86,"1,134.16",113
02/12/2018,68.06,578.91,45.35,588.18,20,17.03,"1,122.77",323.7,47.04,835.52,9.7,32.9,32.9,0,70.9,0,121.73,"1,267.54",64.6,0.0,0,73.48,"1,133.86",112.9
02/11/2018,67.4,578.38,45.37,588.21,20,16.72,"1,122.12",318.9,47.07,835.56,9.68,32.88,32.88,0,70.8,0,121.02,"1,267.11",64.5,0.0,0,72.59,"1,133.19",113.2
02/10/2018,66.58,577.9,45.4,588.67,18,16.3,"1,120.93",317.1,46.95,835.38,9.69,32.9,32.9,0,70.8,0,120.3,"1,266.68",64.5,0.0,0,72.19,"1,132.89",112.5
02/09/2018,65.85,577.52,45.86,589.05,17,16.37,"1,121.13",352.1,47.03,835.49,9.71,32.84,32.84,0,70.8,0,120.37,"1,266.72",64.5,0.0,0,72.14,"1,132.85",114.5
02/08/2018,65.27,577.31,46.23,589.08,18,16.53,"1,121.19",389.4,46.99,835.44,9.7,32.79,32.79,0,70.8,0,120.74,"1,266.94",64.6,0.0,0,72.18,"1,132.88",111.4
02/07/2018,64.94,576.92,46.27,588.94,18,16.72,"1,121.70",392.5,46.99,835.44,9.71,32.76,32.76,0,70.7,0,120.97,"1,267.08",64.7,0.0,0,72.15,"1,132.86",111.6
02/06/2018,64.34,577.23,46.12,588.46,15,16.9,"1,122.26",362.5,47.11,835.62,9.71,32.74,32.74,0,70.7,0,121.08,"1,267.15",55.8,8.9,0,71.93,"1,132.69",113
02/05/2018,64.81,577.28,45.65,588.3,16,17.08,"1,122.90",278.6,47.3,835.91,9.74,32.68,32.68,0,70.7,0,121.3,"1,267.28",0,64.5,0,71.7,"1,132.52",115.5
02/04/2018,64.88,577.44,45.5,587.68,16,17.18,"1,123.95",280.5,47.49,836.19,9.74,32.65,32.65,0,70.6,0,121.5,"1,267.4",0,64.5,0,71.48,"1,132.34",115.6
02/03/2018,65.13,577.63,44.86,587.17,14,17.24,"1,124.11",280,47.61,836.37,9.73,32.56,32.56,0,70.6,0,121.67,"1,267.49",0,64.6,0,71.13,"1,132.09",114.3
02/02/2018,65.44,577.8,44.37,586.65,15,17.35,"1,124.45",362.8,47.77,836.6,9.74,32.53,32.53,0,70.6,0,121.81,"1,267.59",0,64.6,0,70.89,"1,131.91",117.3
02/01/2018,65.69,577.8,43.85,586.37,15,17.52,"1,124.27",392.8,47.73,836.55,9.76,32.66,32.66,0,70.7,0,122.03,"1,267.71",0,64.7,0,70.62,"1,131.71",115
01/31/2018,65.69,577.74,43.56,586.04,13,17.63,"1,124.57",393.9,47.61,836.38,9.67,32.75,32.75,0,70.7,0,122.1,"1,267.76",0,64.7,0,70.21,"1,131.39",113.5
01/30/2018,65.6,577.53,43.23,585.91,14,17.75,"1,124.92",396.9,47.77,836.61,9.66,32.98,32.98,0,70.8,0,121.73,"1,267.54",0,64.6,0,69.78,"1,131.07",115.4
01/29/2018,65.27,577.2,43.11,585.9,14,17.83,"1,125.16",396.2,47.93,836.85,9.68,33.15,33.15,0,70.8,0,121.53,"1,267.42",0,64.6,0,69.25,"1,130.67",112.9
01/28/2018,64.78,576.86,43.1,585.83,14,17.91,"1,125.43",397.6,48.01,836.97,9.72,33.31,33.31,0,70.9,0,120.98,"1,267.09",0,64.6,0,68.63,"1,130.20",113.4
01/27/2018,64.25,576.51,43.03,585.69,14,17.96,"1,125.54",396.1,48.31,837.41,9.72,33.43,33.43,0,70.9,0,120.39,"1,266.73",0,64.5,0,67.87,"1,129.61",116.2
01/26/2018,63.71,576.19,42.89,585.43,13,17.97,"1,125.52",396.6,48.54,837.76,9.72,33.54,33.54,0,71,0,119.72,"1,266.34",0,64.6,0,67.08,"1,128.99",112.9
01/25/2018,63.22,575.95,42.63,584.9,13,18.03,"1,125.71",399.2,48.43,837.59,9.72,33.64,33.64,0,71,0,119.29,"1,266.07",51.3,0.6,0,66.19,"1,128.29",98.3
01/24/2018,62.84,575.79,42.09,583.89,16,18.24,"1,124.58",404.3,48.32,837.43,9.72,33.69,33.69,39,0.1,0.1,118.61,"1,265.66",52,0.0,0,65.05,"1,127.40",97.6
01/23/2018,62.6,575.89,41.17,581.3,16,18.58,"1,125.46",400.1,47.95,836.86,9.67,33.56,33.56,39.1,0,0,117.78,"1,265.16",52.4,0.0,0,63.35,"1,126.06",97.2
01/22/2018,62.74,576.07,38.77,580.4,14,17.36,"1,122.06",393.6,47.01,835.48,9.66,32.48,32.48,39.2,0,0,115.79,"1,263.97",51.5,0.0,0,60.38,"1,123.70",98
01/21/2018,63.03,576.34,37.93,579.59,13,17.42,"1,122.25",394.2,47.19,835.75,9.68,32.34,32.34,39.1,0,0,115.64,"1,263.87",51.5,0.0,0,59.8,"1,123.20",98.2
01/20/2018,63.44,576.69,37.2,578.8,14,17.52,"1,122.48",395.3,47.63,836.4,9.68,32.21,32.21,39.1,0,0,115.52,"1,263.8",51.5,0.0,0,59.36,"1,122.84",99.2
01/19/2018,63.98,576.63,36.51,578.68,14,17.59,"1,122.62",375.4,47.66,836.44,9.7,32.09,32.09,38.2,0,0,115.35,"1,263.7",50.3,0.0,0,58.86,"1,122.43",95.8
01/18/2018,63.88,576.58,36.4,578.55,13,17.67,"1,123.09",287,47.8,836.65,9.72,31.96,31.96,36,0,0,115.29,"1,263.66",48,0.0,0,58.35,"1,122.01",89.1
01/17/2018,63.83,576.53,36.3,578.55,13,17.66,"1,123.39",98.4,47.93,836.83,9.72,31.83,31.83,36.1,0,0,115.17,"1,263.59",48,0.0,0,57.82,"1,121.59",88.9
01/16/2018,63.73,576.39,36.3,578.55,13,17.37,"1,123.80",0,48.07,837.05,9.73,31.67,31.67,36.2,0,0,115.02,"1,263.5",48,0.0,0,57.12,"1,121.01",88.6
01/15/2018,63.52,575.87,36.3,579.03,13,16.85,"1,124.10",0,48.12,837.13,9.72,31.45,31.45,36.2,0,0,114.61,"1,263.25",48,0.0,0,56.17,"1,120.23",88.2
01/14/2018,62.71,575.26,36.72,579.23,8,16.32,"1,122.57",1.5,48.15,837.17,9.75,31.23,31.23,36.1,0,0,114.03,"1,262.9",48.4,0.0,0,55.24,"1,119.44",87.8
01/13/2018,61.78,574.58,36.86,575.02,12,15.63,"1,120.35",67.8,48.12,837.13,9.74,30.93,30.93,36.1,0,0,113.23,"1,262.4",48.3,0.0,0,54.08,"1,118.45",88.9
01/12/2018,60.76,573.98,33.21,574.36,12,13.54,"1,111.98",300,47.76,836.59,9.67,29.91,29.91,36.2,0,0,111.33,"1,261.2",48,0.0,0,51.82,"1,116.52",88
01/11/2018,59.89,573.98,32.67,573.78,12,11.54,"1,105.27",285.2,47.13,835.66,9.68,27.63,27.63,36.1,0,0,109.01,"1,259.77",47.9,0.0,0,49.73,"1,114.70",87.9
01/10/2018,59.91,573.97,32.2,573.47,12,11.66,"1,105.71",277.3,47.32,835.94,9.71,27.56,27.56,36.1,0,0,109.2,"1,259.88",47.9,0.0,0,49.55,"1,114.53",87.9
01/09/2018,59.89,573.97,31.95,573.05,12,11.87,"1,106.21",272.5,47.52,836.24,9.71,27.55,27.55,36.1,0,0,109.54,"1,260.09",47.4,0.0,0,49.43,"1,114.44",87.8
01/08/2018,59.91,573.97,31.61,572.78,11,12.06,"1,106.67",226.7,47.79,836.63,9.73,27.53,27.53,36,0,0,109.82,"1,260.27",47.4,0.0,0,49.32,"1,114.35",117
01/07/2018,59.89,573.96,31.37,573.09,10,12.23,"1,107.59",190.5,47.99,836.94,9.76,27.5,27.5,35.9,0,0,110.06,"1,260.43",47.5,0.0,0,49.26,"1,114.28",175.2
01/06/2018,59.89,573.98,31.64,573.46,10,12.35,"1,107.96",191.9,48.12,837.13,9.75,27.69,27.69,35.9,0,0,110.26,"1,260.54",47.5,0.0,0,49.26,"1,114.28",179.4
01/05/2018,59.88,573.99,31.94,573.85,11,12.48,"1,108.38",193,48.17,837.21,9.74,27.99,27.99,36,0,0,110.45,"1,260.66",47.5,0.0,0,49.26,"1,114.28",116.2
01/04/2018,59.9,573.97,32.22,574.07,11,12.61,"1,108.77",194.5,48.16,837.2,9.72,28.3,28.3,36,0,0,110.59,"1,260.75",47.5,0.0,0,49.21,"1,114.22",111.2
01/03/2018,59.89,573.97,32.44,574.24,95,12.71,"1,109.14",195.3,48.17,837.21,9.74,28.62,28.62,36,0,0,110.7,"1,260.82",47.5,0.0,0,49.07,"1,114.11",87.5
01/02/2018,59.89,573.99,32.57,574.29,10,12.81,"1,109.46",189.1,48.17,837.2,9.76,28.92,28.92,36.1,0,0,111.01,"1,261.01",47.6,0.0,0,48.95,"1,114.00",87.4
01/01/2018,59.94,574,32.67,574.33,10,13.1,"1,110.44",176,48.26,837.34,9.74,29.64,29.64,35.7,0,0,111.39,"1,261.24",47.6,0.0,0,48.8,"1,113.87",87.5
